이름,교과목,세션 주제,시작 날짜,종료 날짜,세션 시간
기반기술 - SW공학,기반기술,SW공학,2025-01-21,2025-01-23,24
기반기술 - Database,기반기술,Database,2025-01-24,2025-02-10,64
기반기술 - Linux,기반기술,Linux,2025-02-11,2025-02-12,16
기반기술 - 기반기술 프로젝트,기반기술,기반기술 프로젝트,2025-02-13,2025-02-14,16
백엔드 - Java Programming,백엔드,Java Programming,2025-02-17,2025-02-28,80
백엔드 - 자료구조,백엔드,자료구조,2025-03-04,2025-03-07,32
백엔드 - 알고리즘,백엔드,알고리즘,2025-03-10,2025-03-13,32
백엔드 - Spring Framework,백엔드,Spring Framework,2025-03-14,2025-04-07,136
백엔드 - Server(MSA),백엔드,Server(MSA),2025-04-08,2025-04-10,24
백엔드 - 백엔드 프로젝트,백엔드,백엔드 프로젝트,2025-04-11,2025-04-15,24
프론트엔드 - HTML/CSS,프론트엔드,HTML/CSS,2025-04-16,2025-04-18,24
프론트엔드 - Javascript,프론트엔드,Javascript,2025-04-21,2025-04-24,32
프론트엔드 - Vue.js,프론트엔드,Vue.js,2025-04-25,2025-05-02,40
프론트엔드 - 프론트엔드 프로젝트,프론트엔드,프론트엔드 프로젝트,2025-05-07,2025-05-08,16
데브옵스 - DevOps,데브옵스,DevOps,2025-05-09,2025-05-12,16
데브옵스 - Docker,데브옵스,Docker,2025-05-13,2025-05-15,24
데브옵스 - Kubernetes,데브옵스,Kubernetes,2025-05-16,2025-05-20,24
데브옵스 - Jenkins,데브옵스,Jenkins,2025-05-21,2025-05-22,16
데브옵스 - 데브옵스 프로젝트,데브옵스,데브옵스 프로젝트,2025-05-23,2025-05-26,16
최종프로젝트 - 최종프로젝트,최종프로젝트,최종프로젝트,2025-05-27,2025-07-18,304
